Floyd and Purcell Beauty Salon,706 Bentley Ave.,1940-1949,"28.546836, -81.38941"
North End Beer Garden and Lunch,235 N. Hughey St.,1940-1949,"28.545889775717857, -81.38278963222967"
Walker's Beer Garden,220 Lincoln St.,1940-1949,"28.544997338626654, -81.38815038127002"
Croom's Kindergarten,609 W. Jefferson St.,1940-1949,"28.544930805719368, -81.38730113657442"
Sweetie's Beauty Box,205 W. Jefferson St.,1940-1949,"28.54477530627035, -81.38187707395775"
Curfy's Wood Yard,108 Garden St.,1940-1949,"28.544198651282326, -81.39069617889592"
Faith Holy Temple,114 N. Division St.,1940-1949,"28.543323905936663, -81.38480734816575"
Ed's Place,126 S. Division St.,1940-1949,"28.54068593871623, -81.3850986864127"
Central Florida Times Press,130 S. Division St.,1940-1949,"28.540665593930257, -81.38510892978262"
Fair & Square Auto Co.,909 W. Church,1940-1949,"28.54033508251212, -81.39240020119736"
The Central Florida Colored Business School,573 W. Church St.,1940-1949,"28.540322655496144, -81.38621169073011"
Imperial Mutual Hospitalization Protection Asso.,589 1/2 W. Church St.,1940-1949,"28.540322606796128, -81.38630641017403"
John's Pool Room,563 W. Church St.,1940-1949,"28.540312429998085, -81.38600147023028"
L. A. Braboy&comma; D.D.S..,575 W. Church St.,1940-1949,"28.54029523155405, -81.3862684899317"
Central Florida Colored Business School,575 W. Church St.,1940-1949,"28.54029523155405, -81.3862684899317"
O. A. Beacham (notary public),539 W. Church St.,1940-1949,"28.54029497983564, -81.38565796899074"
Bill's Shoe Rebuilder & Walker's Radio Service,525 W. Church St.,1940-1949,"28.540286554753333, -81.38546515610167"
Washington's Radio Service,525 W. Church St.,1940-1949,"28.540286554753333, -81.38546515610167"
Merritt's Pool Room,516 W. Church St.,1940-1949,"28.540031, -81.385358"
Coleman's Radio Service,606 W. Church St.,1940-1949,"28.539856465938254, -81.38729352227247"
Paradise Smoke Shoppe,608 W. Church St.,1940-1949,"28.53985557263614, -81.38731770552224"
Zimmerman's Coffee Shop,500 W. Jackson St.,1940-1949,"28.538985850526622, -81.38541150529484"
Freddie L. Maxwell (notary public),737 W. Carter St.,1940-1949,"28.534881440758866, -81.39066008120484"
Holmes' Wood Yard,900 W. Carter St.,1940-1949,"28.534636403042427, -81.39210605538956"
Griffen Park Sweet Shop,723 S. Division St.,1940-1949,"28.534125842665425, -81.38464175861769"
Buddie's Auto Parts Shop,745 Easy St.,1940-1949,"28.533099529188956, -81.39628758248567"
Ford's Beauty Shop,117 Chatham St.,1940-1949,"28.544118, -81.385959"
Riley's Men Shop,571 W. Church St.,1940-1949,"28.540311001016313, -81.38624331687228"
Central Life Insurance Company of Central Florida,555 W. Church St.,1940-1949,"28.540305761187515, -81.38602200765804"
William M. Wells&comma; M.D.,527 W. Church St.,1940-1949,"28.54028891102396, -81.38552148248564"
George P. Schanck&comma; Jr.&comma; M.D.,527 W. Church St.,1940-1949,"28.54028891102396, -81.38552148248564"
A. J.'s Nick Nack,547 W. Church St.,1940-1949,"28.54028505475334, -81.38568034690316"
Doughlas & Kennesy Barber Shop,559 W. Church St.,1940-1949,"28.54028254803942, -81.38576071013956"
Jessie Mae's Moonlight Inn,218 S. Division St.,1940-1949,"28.540048056275477, -81.3850288316279"
Jones' Restaurant,604 W. Church St.,1940-1949,"28.53985710881963, -81.38726768665278"
Hardy's Shoe Shine Parlor (notary public),507 W. Carter St.,1940-1949,"28.534857876838828, -81.38545391349642"
Kano's Harlem Square,901 W. Carter St.,1940-1949,"28.53476619028274, -81.39213988728554"
Anderson's Blue Room,818 W. Carter St.,1940-1949,"28.534630458584886, -81.3917948018946"
Fleeming Rooms,908 Carter St.,1940-1949,"28.534611148427246, -81.392292873654"
Lawton Shine Stand (notary public),701 S. Division St.,1940-1949,"28.534526083529066, -81.38471941259719"
Cobb's Beauty Shop,625 Holden St.,1940-1949,"28.49462570700395, -81.38356074352784"
Merritt's Billiard Parlor,522 W. Church St.,1940-1949,"28.540041, -81.385428"
William's Sundry and Grocery Store,332 N. Lee St.,1940-1949,"28.54690512673809, -81.39133803222968"
Atlanta Life Insurance Company,539 W. Church St.,1940-1949,"28.54029497983564, -81.38565796899074"
Sharpy's Tea Room,530 W. Church St.,1940-1949,"28.53998013300958, -81.38552789152932"
Wallace Beauty Mill,557 W. Church St.,1940-1949,"28.54029623610622, -81.38607990520694"
John's Sundry Store,575 W. Church St.,1940-1949,"28.54029523155405, -81.3862684899317"
Arcade Barber Shop,576 W. Church St.,1940-1949,"28.539890281371438, -81.38640628070526"
Ellick's Beauty Parlor (1949) Shop (1960),533 W. Jackson St.,1940-1949,"28.539380250561706, -81.38633936296526"
Jones' Beauty Shop (1949) Chest (1960),205 N. Garden St.,1940-1949,"28.545023762428794, -81.39030847889589"
Rutherford Beauty Box (1949) Shop (1960),643 W. Holden St.,1940-1949,"28.494607817415332, -81.383632061066"
Jessie's Beauty Shop (1949) Parlor (1960),221 Chatham St.,1940-1949,"28.545082, -81.385986"
Paradise Beer Garden (1949) Tavern (1960) Club (1961),704 W. Jefferson St.,1940-1949,"28.544669075718545, -81.3893733322298"
Nicholson-Colyer Building,27-35 W. Church St.,1940-1949,"28.54063381100846, -81.37966188246672"
Geo L. Speight&comma; D.D.S.. (dentist),441 W. Church St.,1940-1949,"28.54031064221255, -81.38472528248565"
Spaulding's Beauty Parlor,423 Hicks St.,1940-1949,"28.5375087517198, -81.38729498989998"
Joe's Barber Shop,537 W. Church St.,1940-1949,"28.540292723565088, -81.3856241113207"
Palmer Feed Store,912 W. Church St.,1940-1949,"28.539815245589647, -81.39282491921442"